{
  "fx": 262057.9643823754,
  "onibus": {
    "1": {
      "viagem_1": {
        "rota": [
          0,
          3,
          12,
          22,
          24,
          30,
          0
        ],
        "chegada": [
          9.418834696882616,
          22.0,
          123.0,
          152.33333333333334,
          196.6,
          207.0,
          214.16624116214302
        ]
      },
      "viagem_2": {
        "rota": [
          0,
          95,
          0
        ],
        "chegada": [
          666.3225492050013,
          679.0,
          688.0572719249074
        ]
      },
      "viagem_3": {
        "rota": [
          0,
          99,
          0
        ],
        "chegada": [
          706.3225492050013,
          719.0,
          726.1785708644925
        ]
      }
    },
    "2": {
      "viagem_1": {
        "rota": [
          0,
          2,
          4,
          8,
          9,
          6,
          15,
          16,
          11,
          21,
          19,
          31,
          0
        ],
        "chegada": [
          4.418834696882616,
          17.0,
          28.41562616819528,
          48.0,
          60.5,
          72.04455123633292,
          96.0,
          110.68792983212606,
          120.85798300122075,
          144.0,
          167.26666666666665,
          212.0,
          219.26103344044353
        ]
      }
    },
    "3": {
      "viagem_1": {
        "rota": [
          0,
          5,
          7,
          17,
          18,
          23,
          20,
          28,
          0
        ],
        "chegada": [
          19.418834696882616,
          32.0,
          92.0,
          112.66666666666667,
          150.6,
          160.66666666666666,
          183.93333333333334,
          197.0,
          205.19722390169653
        ]
      },
      "viagem_2": {
        "rota": [
          0,
          96,
          0
        ],
        "chegada": [
          676.3225492050013,
          689.0,
          699.6170139148022
        ]
      }
    },
    "4": {
      "viagem_1": {
        "rota": [
          0,
          33,
          44,
          39,
          47,
          42,
          43,
          54,
          48,
          59,
          55,
          56,
          57,
          63,
          58,
          64,
          62,
          69,
          0
        ],
        "chegada": [
          260.0075850912025,
          272.0,
          288.0,
          297.6142409628068,
          307.3077916842777,
          325.0,
          335.37908716207727,
          356.0,
          361.7383487308186,
          384.0,
          391.5224670253968,
          403.8099608181123,
          416.44215384129757,
          432.0,
          440.4985225848767,
          448.77151427372627,
          457.75,
          488.3333333333333,
          495.81707920878017
        ]
      }
    },
    "5": {
      "viagem_1": {
        "rota": [
          0,
          26,
          34,
          36,
          38,
          45,
          40,
          50,
          52,
          49,
          60,
          61,
          0
        ],
        "chegada": [
          217.16541571961832,
          229.93333333333334,
          240.76932351349822,
          251.70115958658278,
          262.2093098085626,
          294.25,
          305.0604782053614,
          336.0,
          348.5429388780184,
          368.0,
          396.5,
          432.75,
          443.27308893988334
        ]
      }
    },
    "6": {
      "viagem_1": {
        "rota": [
          0,
          13,
          14,
          27,
          25,
          35,
          37,
          32,
          46,
          41,
          51,
          53,
          0
        ],
        "chegada": [
          121.21273456845047,
          133.0,
          143.66197205946804,
          192.0,
          213.26666666666665,
          245.0,
          257.1178213845806,
          269.3609294894573,
          300.5,
          315.0,
          341.0,
          353.2910551858112,
          360.1990953672826
        ]
      }
    },
    "7": {
      "viagem_1": {
        "rota": [
          0,
          67,
          75,
          71,
          83,
          89,
          97,
          0
        ],
        "chegada": [
          504.46541571961836,
          517.2333333333333,
          528.0,
          537.5815631966142,
          581.0,
          664.3333333333334,
          699.0,
          709.7314017821816
        ]
      }
    },
    "8": {
      "viagem_1": {
        "rota": [
          0,
          68,
          65,
          70,
          66,
          77,
          72,
          82,
          74,
          85,
          81,
          90,
          92,
          87,
          100,
          102,
          104,
          0
        ],
        "chegada": [
          465.8805057026559,
          480.0,
          489.7925512739935,
          497.6192699974736,
          510.0024855897066,
          538.0,
          547.5,
          576.0,
          584.2926622661068,
          595.2233632057932,
          608.0,
          624.0,
          638.0724219017927,
          646.0653514973684,
          672.0,
          682.7795121096519,
          693.7388916474554,
          702.7831651789205
        ]
      }
    },
    "9": {
      "viagem_1": {
        "rota": [
          0,
          76,
          78,
          73,
          84,
          86,
          91,
          93,
          98,
          0
        ],
        "chegada": [
          518.8805057026559,
          533.0,
          546.9206814645578,
          560.0,
          586.0,
          597.4746873818015,
          629.0,
          640.7987170471634,
          709.0,
          716.6459663651578
        ]
      }
    },
    "10": {
      "viagem_1": {
        "rota": [
          0,
          79,
          80,
          94,
          88,
          101,
          103,
          105,
          107,
          108,
          0
        ],
        "chegada": [
          533.8805057026559,
          548.0,
          583.0,
          644.0,
          654.186585818577,
          677.0,
          687.7421493127197,
          727.0,
          752.0,
          764.5,
          772.9801888767885
        ]
      }
    },
    "11": {
      "viagem_1": {
        "rota": [
          0,
          1,
          10,
          29,
          0
        ],
        "chegada": [
          0.0,
          12.581165303117384,
          103.0,
          202.0,
          207.55017577677685
        ]
      },
      "viagem_2": {
        "rota": [
          0,
          106,
          0
        ],
        "chegada": [
          726.8225492050013,
          739.5,
          746.7757652055735
        ]
      }
    }
  }
}