{
  "fx": 158062.3977097826,
  "onibus": {
    "1": {
      "viagem_1": {
        "rota": [
          0,
          1,
          3,
          5,
          7,
          10,
          11,
          12,
          14,
          0
        ],
        "chegada": [
          0.0,
          13.017580675697046,
          25.196478897762603,
          37.0,
          92.0,
          103.65945660562639,
          118.52778773794144,
          132.18696245182508,
          143.34623576691692,
          152.65630762971725
        ]
      },
      "viagem_2": {
        "rota": [
          0,
          37,
          39,
          47,
          49,
          59,
          0
        ],
        "chegada": [
          248.59202841042736,
          260.0,
          295.0,
          313.0,
          368.0,
          396.5,
          404.784905326685
        ]
      }
    },
    "2": {
      "viagem_1": {
        "rota": [
          0,
          2,
          4,
          8,
          9,
          6,
          17,
          13,
          21,
          18,
          0
        ],
        "chegada": [
          3.9824193243029544,
          17.0,
          32.0,
          48.0,
          60.5,
          92.0,
          112.66666666666667,
          133.0,
          144.0,
          151.430233911053,
          160.79433924318548
        ]
      },
      "viagem_2": {
        "rota": [
          0,
          41,
          50,
          52,
          54,
          57,
          58,
          63,
          62,
          0
        ],
        "chegada": [
          312.3360020891629,
          325.0,
          336.0,
          347.14877214137704,
          361.0,
          416.0,
          428.63444157663633,
          444.5,
          457.75,
          465.3428641957599
        ]
      }
    },
    "3": {
      "viagem_1": {
        "rota": [
          0,
          15,
          16,
          20,
          27,
          24,
          0
        ],
        "chegada": [
          82.55355929259579,
          96.0,
          112.66666666666666,
          183.93333333333334,
          196.04174936961135,
          206.29558793583274,
          215.98498940394492
        ]
      },
      "viagem_2": {
        "rota": [
          0,
          45,
          42,
          51,
          53,
          55,
          60,
          61,
          0
        ],
        "chegada": [
          286.4253509105809,
          300.5,
          325.0,
          341.0,
          356.0,
          391.0,
          409.0,
          432.75,
          439.0872989864597
        ]
      }
    },
    "4": {
      "viagem_1": {
        "rota": [
          0,
          22,
          23,
          19,
          29,
          32,
          44,
          0
        ],
        "chegada": [
          139.94944641355448,
          152.33333333333334,
          169.0,
          183.9333333333333,
          202.0,
          247.0,
          288.0,
          296.9006427109334
        ]
      },
      "viagem_2": {
        "rota": [
          0,
          56,
          64,
          65,
          66,
          67,
          0
        ],
        "chegada": [
          404.41647973395607,
          416.0,
          444.5,
          483.9,
          500.56666666666666,
          533.9,
          542.7543653941416
        ]
      }
    },
    "5": {
      "viagem_1": {
        "rota": [
          0,
          28,
          30,
          26,
          35,
          40,
          43,
          0
        ],
        "chegada": [
          182.86506087624844,
          197.0,
          212.0,
          229.93333333333334,
          250.0,
          305.0,
          335.0,
          339.4241981700813
        ]
      }
    },
    "6": {
      "viagem_1": {
        "rota": [
          0,
          31,
          25,
          34,
          36,
          38,
          33,
          46,
          48,
          0
        ],
        "chegada": [
          197.86506087624844,
          212.0,
          229.9333333333333,
          240.0,
          253.56391441955165,
          265.0,
          296.89294265528906,
          306.75,
          343.0,
          352.61305746244074
        ]
      }
    }
  }
}