{
  "fx": 35657.54331891587,
  "onibus": {
    "1": {
      "viagem_1": {
        "rota": [
          0,
          1,
          4,
          0
        ],
        "chegada": [
          0.0,
          13.113848871686141,
          27.140723424229826,
          34.20340486916784
        ]
      },
      "viagem_2": {
        "rota": [
          0,
          9,
          10,
          11,
          12,
          13,
          0
        ],
        "chegada": [
          132.04460357433052,
          145.0,
          175.0,
          187.39933777055887,
          202.84350911613916,
          215.0,
          223.62609581081801
        ]
      }
    },
    "2": {
      "viagem_1": {
        "rota": [
          0,
          2,
          5,
          0
        ],
        "chegada": [
          3.886151128313859,
          17.0,
          32.0,
          40.966182066299595
        ]
      },
      "viagem_2": {
        "rota": [
          0,
          7,
          8,
          14,
          0
        ],
        "chegada": [
          105.20437006690416,
          117.0,
          132.5,
          215.0,
          222.1794510514266
        ]
      }
    },
    "3": {
      "viagem_1": {
        "rota": [
          0,
          3,
          6,
          0
        ],
        "chegada": [
          8.886151128313859,
          22.0,
          67.0,
          73.92711935746657
        ]
      }
    }
  }
}