{
  "fx": 33486.43560874322,
  "onibus": {
    "1": {
      "viagem_1": {
        "rota": [
          0,
          1,
          0
        ],
        "chegada": [
          7.966356463384727e-10,
          13.113848872482777,
          23.886151127517223
        ]
      },
      "viagem_2": {
        "rota": [
          0,
          5,
          0
        ],
        "chegada": [
          23.886151128313855,
          37.0,
          45.96618206612766
        ]
      }
    },
    "2": {
      "viagem_1": {
        "rota": [
          0,
          2,
          4,
          0
        ],
        "chegada": [
          3.886151128313859,
          17.0,
          31.082704281434417,
          105.20437006652355
        ]
      },
      "viagem_2": {
        "rota": [
          0,
          7,
          8,
          10,
          0
        ],
        "chegada": [
          105.20437006690416,
          117.0,
          132.5,
          175.0,
          184.3731347527355
        ]
      },
      "viagem_3": {
        "rota": [
          0,
          12,
          0
        ],
        "chegada": [
          184.3731347536385,
          197.24841133505106,
          212.12472341768444
        ]
      },
      "viagem_4": {
        "rota": [
          0,
          14,
          0
        ],
        "chegada": [
          212.12472341858745,
          225.0,
          332.12472341768444
        ]
      }
    },
    "3": {
      "viagem_1": {
        "rota": [
          0,
          3,
          0
        ],
        "chegada": [
          8.886151128313859,
          22.0,
          80.20437006652355
        ]
      },
      "viagem_2": {
        "rota": [
          0,
          6,
          9,
          11,
          0
        ],
        "chegada": [
          80.20437006690416,
          92.0,
          145.0,
          185.0,
          191.3124089743942
        ]
      },
      "viagem_3": {
        "rota": [
          0,
          13,
          0
        ],
        "chegada": [
          192.12472341858745,
          205.0,
          312.12472341768444
        ]
      }
    }
  }
}