{
  "fx": 129899.84513101683,
  "onibus": {
    "1": {
      "viagem_1": {
        "rota": [
          0,
          4,
          11,
          0
        ],
        "chegada": [
          18.982403562181094,
          31.999984237878138,
          112.99994481859684,
          121.79956861691835
        ]
      },
      "viagem_2": {
        "rota": [
          0,
          13,
          21,
          24,
          31,
          0
        ],
        "chegada": [
          130.7097468412622,
          142.99992924564606,
          152.33325826268376,
          196.59990351946635,
          211.99989546732144,
          219.16148918680847
        ]
      },
      "viagem_3": {
        "rota": [
          0,
          36,
          42,
          0
        ],
        "chegada": [
          243.59202841042733,
          255.0,
          325.0,
          332.9824193250399
        ]
      },
      "viagem_4": {
        "rota": [
          0,
          51,
          57,
          64,
          65,
          0
        ],
        "chegada": [
          332.98241932430295,
          346.0,
          415.9997950852314,
          456.999774841383,
          483.9,
          491.11484222832803
        ]
      }
    },
    "2": {
      "viagem_1": {
        "rota": [
          0,
          1,
          12,
          22,
          0
        ],
        "chegada": [
          3.9824193243029544,
          17.0,
          123.0,
          152.33333333333334,
          159.62215225592018
        ]
      },
      "viagem_2": {
        "rota": [
          0,
          20,
          28,
          0
        ],
        "chegada": [
          177.6622315029523,
          189.8915839633719,
          202.0,
          253.5920284111064
        ]
      },
      "viagem_3": {
        "rota": [
          0,
          38,
          40,
          0
        ],
        "chegada": [
          253.59202841042736,
          265.0,
          305.0,
          327.9824193250399
        ]
      }
    },
    "3": {
      "viagem_1": {
        "rota": [
          0,
          3,
          6,
          15,
          0
        ],
        "chegada": [
          13.982419324302956,
          27.0,
          67.0,
          96.0,
          103.92423890846112
        ]
      },
      "viagem_2": {
        "rota": [
          0,
          17,
          18,
          27,
          0
        ],
        "chegada": [
          107.55355929259579,
          121.0,
          150.6,
          192.0,
          200.2236458156258
        ]
      },
      "viagem_3": {
        "rota": [
          0,
          34,
          32,
          46,
          43,
          0
        ],
        "chegada": [
          233.59202841042733,
          245.0,
          272.0,
          300.5,
          335.0,
          347.9824193250399
        ]
      },
      "viagem_4": {
        "rota": [
          0,
          54,
          58,
          63,
          66,
          0
        ],
        "chegada": [
          347.98241932430295,
          361.0,
          428.5,
          444.5,
          500.56666666666666,
          507.7886053054399
        ]
      }
    },
    "4": {
      "viagem_1": {
        "rota": [
          0,
          8,
          0
        ],
        "chegada": [
          35.41487304765771,
          48.0,
          60.41487304680163
        ]
      },
      "viagem_2": {
        "rota": [
          0,
          9,
          7,
          16,
          19,
          29,
          0
        ],
        "chegada": [
          60.41487304765771,
          73.0,
          92.0,
          112.66666666666667,
          167.26666666666668,
          202.0,
          217.51013845388445
        ]
      },
      "viagem_3": {
        "rota": [
          0,
          25,
          0
        ],
        "chegada": [
          217.51013845362752,
          229.33137820099034,
          235.47947171721208
        ]
      },
      "viagem_4": {
        "rota": [
          0,
          35,
          39,
          0
        ],
        "chegada": [
          238.59202841042733,
          250.0,
          295.0,
          313.0610129535198
        ]
      },
      "viagem_5": {
        "rota": [
          0,
          52,
          49,
          59,
          62,
          0
        ],
        "chegada": [
          337.98241932430295,
          351.0,
          368.0,
          396.5,
          457.75,
          465.3428641948849
        ]
      }
    },
    "5": {
      "viagem_1": {
        "rota": [
          0,
          5,
          14,
          23,
          0
        ],
        "chegada": [
          23.982419324302953,
          37.0,
          143.0,
          160.66666666666666,
          169.26681720154977
        ]
      },
      "viagem_2": {
        "rota": [
          0,
          26,
          44,
          0
        ],
        "chegada": [
          234.77876025263717,
          246.6,
          288.0,
          298.92535091005493
        ]
      },
      "viagem_3": {
        "rota": [
          0,
          47,
          48,
          53,
          56,
          0
        ],
        "chegada": [
          298.9253509105809,
          313.0,
          343.0,
          356.0,
          403.5,
          414.28507941402495
        ]
      }
    },
    "6": {
      "viagem_1": {
        "rota": [
          0,
          2,
          10,
          0
        ],
        "chegada": [
          8.982419324302956,
          22.0,
          103.0,
          113.00854272209108
        ]
      },
      "viagem_2": {
        "rota": [
          0,
          30,
          0
        ],
        "chegada": [
          197.86495582736356,
          211.99989495111512,
          224.16148918680847
        ]
      },
      "viagem_3": {
        "rota": [
          0,
          37,
          33,
          45,
          41,
          0
        ],
        "chegada": [
          248.59202841042736,
          260.0,
          272.0,
          294.25,
          315.0,
          320.8754722326994
        ]
      },
      "viagem_4": {
        "rota": [
          0,
          50,
          55,
          60,
          61,
          0
        ],
        "chegada": [
          327.98241932430295,
          341.0,
          391.0,
          409.0,
          432.75,
          439.08729898557067
        ]
      },
      "viagem_5": {
        "rota": [
          0,
          67,
          0
        ],
        "chegada": [
          505.00398087291376,
          517.2333333333333,
          526.0876987264162
        ]
      }
    }
  }
}