{
  "fx": 130227.80854849976,
  "onibus": {
    "1": {
      "viagem_1": {
        "rota": [
          0,
          1,
          12,
          0
        ],
        "chegada": [
          -7.358362807963204e-10,
          13.01758067496121,
          123.0,
          130.70981759578103
        ]
      },
      "viagem_2": {
        "rota": [
          0,
          13,
          22,
          24,
          31,
          0
        ],
        "chegada": [
          130.70981759561613,
          143.0,
          160.66666666666666,
          196.6,
          212.0,
          219.1614891868085
        ]
      },
      "viagem_3": {
        "rota": [
          0,
          36,
          40,
          0
        ],
        "chegada": [
          243.59202841042733,
          255.0,
          305.0,
          311.10884895548224
        ]
      },
      "viagem_4": {
        "rota": [
          0,
          51,
          58,
          64,
          65,
          0
        ],
        "chegada": [
          331.11484222759333,
          344.1324229032904,
          441.0,
          457.0,
          483.9,
          491.11484222832803
        ]
      }
    },
    "2": {
      "viagem_1": {
        "rota": [
          0,
          5,
          11,
          21,
          0
        ],
        "chegada": [
          23.982419324302953,
          37.0,
          113.0,
          152.33333333333334,
          159.62215225591981
        ]
      },
      "viagem_2": {
        "rota": [
          0,
          20,
          28,
          0
        ],
        "chegada": [
          171.70398087291375,
          183.93333333333334,
          197.0,
          253.5920284111064
        ]
      },
      "viagem_3": {
        "rota": [
          0,
          38,
          33,
          46,
          48,
          53,
          0
        ],
        "chegada": [
          253.59202841042736,
          265.0,
          275.56618754938245,
          300.5,
          343.0,
          353.1904697511345,
          358.7685455251485
        ]
      },
      "viagem_4": {
        "rota": [
          0,
          57,
          63,
          66,
          0
        ],
        "chegada": [
          416.91647973395607,
          428.5,
          444.5,
          517.2333333333333,
          542.7543653930832
        ]
      }
    },
    "3": {
      "viagem_1": {
        "rota": [
          0,
          3,
          6,
          15,
          0
        ],
        "chegada": [
          8.982419324302956,
          22.0,
          67.0,
          96.0,
          103.92423890846112
        ]
      },
      "viagem_2": {
        "rota": [
          0,
          17,
          19,
          29,
          0
        ],
        "chegada": [
          107.55355929259579,
          121.0,
          167.26666666666668,
          202.0,
          208.7450763061643
        ]
      },
      "viagem_3": {
        "rota": [
          0,
          34,
          32,
          45,
          43,
          0
        ],
        "chegada": [
          228.59202841042733,
          240.0,
          272.0,
          294.25,
          335.0,
          339.4241981692612
        ]
      },
      "viagem_4": {
        "rota": [
          0,
          54,
          56,
          0
        ],
        "chegada": [
          347.98241932430295,
          361.0,
          403.5,
          507.7886053054399
        ]
      }
    },
    "4": {
      "viagem_1": {
        "rota": [
          0,
          8,
          0
        ],
        "chegada": [
          35.41487304765771,
          48.0,
          54.3533151242882
        ]
      },
      "viagem_2": {
        "rota": [
          0,
          9,
          7,
          16,
          18,
          27,
          0
        ],
        "chegada": [
          58.11209358708585,
          70.69722053942814,
          92.0,
          112.66666666666667,
          167.26666666666668,
          197.0,
          218.1120935862275
        ]
      },
      "viagem_3": {
        "rota": [
          0,
          25,
          0
        ],
        "chegada": [
          218.1120935859705,
          229.93333333333334,
          236.11713026341658
        ]
      },
      "viagem_4": {
        "rota": [
          0,
          35,
          39,
          0
        ],
        "chegada": [
          236.1171302627375,
          247.52510185231017,
          295.0,
          330.19876036047935
        ]
      },
      "viagem_5": {
        "rota": [
          0,
          52,
          49,
          59,
          62,
          0
        ],
        "chegada": [
          337.98241932430295,
          351.0,
          368.0,
          396.5,
          457.75,
          497.98241932503765
        ]
      }
    },
    "5": {
      "viagem_1": {
        "rota": [
          0,
          4,
          14,
          23,
          0
        ],
        "chegada": [
          13.982419324302956,
          27.0,
          143.0,
          160.66666666666666,
          169.26681720154983
        ]
      },
      "viagem_2": {
        "rota": [
          0,
          26,
          44,
          0
        ],
        "chegada": [
          234.77876025263717,
          246.6,
          288.0,
          298.92535091007795
        ]
      },
      "viagem_3": {
        "rota": [
          0,
          47,
          42,
          0
        ],
        "chegada": [
          298.9253509105809,
          313.0,
          325.0,
          414.2850794140238
        ]
      }
    },
    "6": {
      "viagem_1": {
        "rota": [
          0,
          2,
          10,
          0
        ],
        "chegada": [
          3.9824193243029544,
          17.0,
          103.0,
          113.00854272209108
        ]
      },
      "viagem_2": {
        "rota": [
          0,
          30,
          0
        ],
        "chegada": [
          192.86506087624844,
          207.0,
          248.5920284111064
        ]
      },
      "viagem_3": {
        "rota": [
          0,
          37,
          41,
          0
        ],
        "chegada": [
          248.59202841042736,
          260.0,
          315.0,
          320.8754722326994
        ]
      },
      "viagem_4": {
        "rota": [
          0,
          50,
          55,
          60,
          61,
          0
        ],
        "chegada": [
          322.98241932430295,
          336.0,
          402.3789400216192,
          409.0,
          457.75,
          465.3428641948849
        ]
      },
      "viagem_5": {
        "rota": [
          0,
          67,
          0
        ],
        "chegada": [
          521.6706475395804,
          533.9,
          542.7543653930832
        ]
      }
    }
  }
}