{
  "fx": 33486.435608743224,
  "onibus": {
    "1": {
      "viagem_1": {
        "rota": [
          0,
          2,
          4,
          0
        ],
        "arcos": [],
        "chegada": [
          0.0,
          17.0,
          32.0,
          80.20437006652355
        ]
      },
      "viagem_2": {
        "rota": [
          0,
          6,
          8,
          11,
          0
        ],
        "arcos": [],
        "chegada": [
          0.0,
          92.0,
          132.5,
          185.0,
          191.3124089743942
        ]
      },
      "viagem_3": {
        "rota": [
          0,
          13,
          0
        ],
        "arcos": [],
        "chegada": [
          0.0,
          205.0,
          312.12472341768444
        ]
      }
    },
    "2": {
      "viagem_1": {
        "rota": [
          0,
          3,
          0
        ],
        "arcos": [],
        "chegada": [
          0.0,
          22.0,
          105.20437006652355
        ]
      },
      "viagem_2": {
        "rota": [
          0,
          7,
          9,
          10,
          0
        ],
        "arcos": [],
        "chegada": [
          0.0,
          117.0,
          145.0,
          175.0,
          225.20437006652355
        ]
      }
    },
    "3": {
      "viagem_1": {
        "rota": [
          0,
          1,
          0
        ],
        "arcos": [],
        "chegada": [
          0.0,
          13.113848872482777,
          23.886151127517223
        ]
      },
      "viagem_2": {
        "rota": [
          0,
          5,
          0
        ],
        "arcos": [],
        "chegada": [
          0.0,
          37.0,
          143.88615112751722
        ]
      },
      "viagem_3": {
        "rota": [
          0,
          12,
          0
        ],
        "arcos": [],
        "chegada": [
          0.0,
          195.0,
          212.12472341768444
        ]
      },
      "viagem_4": {
        "rota": [
          0,
          14,
          0
        ],
        "arcos": [],
        "chegada": [
          0.0,
          225.0,
          332.12472341768444
        ]
      }
    }
  }
}