{
  "fx": 228345.49990647996,
  "onibus": {
    "1": {
      "viagem_1": {
        "rota": [
          0,
          6,
          16,
          24,
          31,
          0
        ],
        "chegada": [
          55.21273456845047,
          67.0,
          112.66666666666667,
          196.6,
          212.0,
          219.26103344000876
        ]
      },
      "viagem_2": {
        "rota": [
          0,
          32,
          38,
          40,
          59,
          0
        ],
        "chegada": [
          239.6547601573757,
          251.6471750661732,
          265.0,
          305.0,
          384.0,
          479.65476015768957
        ]
      },
      "viagem_3": {
        "rota": [
          0,
          80,
          94,
          0
        ],
        "chegada": [
          596.0075850912025,
          608.0,
          644.0,
          785.4801888763905
        ]
      }
    },
    "2": {
      "viagem_1": {
        "rota": [
          0,
          13,
          21,
          20,
          27,
          0
        ],
        "chegada": [
          121.21273456845049,
          133.0,
          144.0,
          183.93333333333334,
          197.0,
          242.29610841907578
        ]
      },
      "viagem_2": {
        "rota": [
          0,
          36,
          39,
          47,
          42,
          43,
          0
        ],
        "chegada": [
          242.29610841984427,
          255.0,
          295.0,
          313.0,
          325.0,
          335.37908716127276,
          471.1320823855697
        ]
      },
      "viagem_3": {
        "rota": [
          0,
          65,
          79,
          0
        ],
        "chegada": [
          471.132082386285,
          483.9,
          548.0,
          620.3060832060867
        ]
      },
      "viagem_4": {
        "rota": [
          0,
          92,
          98,
          0
        ],
        "chegada": [
          625.3060832066516,
          639.0,
          718.721724325791,
          726.3676906917244
        ]
      }
    },
    "3": {
      "viagem_1": {
        "rota": [
          0,
          8,
          10,
          17,
          0
        ],
        "chegada": [
          46.716324150186324,
          60.5,
          103.0,
          113.71040029451231,
          233.83208238556992
        ]
      },
      "viagem_2": {
        "rota": [
          0,
          26,
          45,
          0
        ],
        "chegada": [
          233.83208238628498,
          246.6,
          300.5,
          473.83208238557
        ]
      },
      "viagem_3": {
        "rota": [
          0,
          73,
          84,
          88,
          102,
          97,
          0
        ],
        "chegada": [
          560.7127345684505,
          572.5,
          586.0,
          647.6666666666666,
          682.0,
          699.0,
          709.7314017824829
        ]
      }
    },
    "4": {
      "viagem_1": {
        "rota": [
          0,
          1,
          0
        ],
        "chegada": [
          -5.725517837618099e-10,
          12.581165302544832,
          240.0
        ]
      },
      "viagem_2": {
        "rota": [
          0,
          90,
          106,
          0
        ],
        "chegada": [
          610.3060832066516,
          624.0,
          739.5,
          785.4801888763905
        ]
      }
    },
    "5": {
      "viagem_1": {
        "rota": [
          0,
          50,
          48,
          69,
          0
        ],
        "chegada": [
          328.202953392241,
          341.0,
          368.0,
          488.3333333333333,
          495.81707920872253
        ]
      },
      "viagem_2": {
        "rota": [
          0,
          81,
          100,
          95,
          104,
          105,
          0
        ],
        "chegada": [
          596.0075850912025,
          608.0,
          677.0,
          686.1669727414868,
          697.0,
          727.0,
          738.7045019064099
        ]
      }
    },
    "6": {
      "viagem_1": {
        "rota": [
          0,
          15,
          18,
          22,
          25,
          35,
          44,
          0
        ],
        "chegada": [
          90.6394165399849,
          104.33333333333333,
          150.6,
          160.66666666666666,
          229.93333333333334,
          245.0,
          288.0,
          330.63941653942067
        ]
      },
      "viagem_2": {
        "rota": [
          0,
          52,
          56,
          70,
          0
        ],
        "chegada": [
          333.202953392241,
          346.0,
          403.5,
          505.0,
          523.2127345688641
        ]
      },
      "viagem_3": {
        "rota": [
          0,
          71,
          78,
          0
        ],
        "chegada": [
          523.2127345684505,
          535.0,
          548.0,
          554.1159015931189
        ]
      }
    },
    "7": {
      "viagem_1": {
        "rota": [
          0,
          14,
          23,
          19,
          28,
          0
        ],
        "chegada": [
          131.2127345684505,
          143.0,
          169.0,
          175.65863323397934,
          197.0,
          227.32254920527313
        ]
      },
      "viagem_2": {
        "rota": [
          0,
          51,
          58,
          63,
          66,
          75,
          0
        ],
        "chegada": [
          333.202953392241,
          346.0,
          436.22700831107795,
          444.5,
          500.56666666666666,
          528.0,
          535.1829153280701
        ]
      },
      "viagem_3": {
        "rota": [
          0,
          74,
          85,
          89,
          103,
          107,
          0
        ],
        "chegada": [
          573.2127345684505,
          585.0,
          595.9307009391487,
          681.0,
          692.0,
          752.0,
          760.7967822607606
        ]
      }
    },
    "8": {
      "viagem_1": {
        "rota": [
          0,
          4,
          0
        ],
        "chegada": [
          14.418834696882616,
          27.0,
          105.21273456886425
        ]
      },
      "viagem_2": {
        "rota": [
          0,
          7,
          34,
          41,
          0
        ],
        "chegada": [
          105.21273456845047,
          117.0,
          240.0,
          315.0,
          323.74874263815576
        ]
      },
      "viagem_3": {
        "rota": [
          0,
          54,
          57,
          76,
          0
        ],
        "chegada": [
          343.202953392241,
          356.0,
          428.5,
          533.0,
          540.5802941136055
        ]
      },
      "viagem_4": {
        "rota": [
          0,
          91,
          108,
          0
        ],
        "chegada": [
          620.3060832066516,
          634.0,
          764.5,
          772.9801888763905
        ]
      }
    },
    "9": {
      "viagem_1": {
        "rota": [
          0,
          2,
          0
        ],
        "chegada": [
          9.418834696882616,
          22.0,
          59.216324150562414
        ]
      },
      "viagem_2": {
        "rota": [
          0,
          9,
          12,
          30,
          0
        ],
        "chegada": [
          59.216324150186324,
          73.0,
          123.0,
          207.0,
          214.1662411615245
        ]
      },
      "viagem_3": {
        "rota": [
          0,
          33,
          46,
          0
        ],
        "chegada": [
          264.15041254174275,
          276.14282745054027,
          300.5,
          449.22699892520905
        ]
      },
      "viagem_4": {
        "rota": [
          0,
          62,
          93,
          96,
          0
        ],
        "chegada": [
          469.982082386285,
          482.75,
          639.0,
          689.0,
          699.6170139145103
        ]
      }
    },