{
  "fx": 283762.41067819385,
  "onibus": {
    "1": {
      "viagem_1": {
        "rota": [
          0,
          1,
          9,
          15,
          17,
          21,
          6,
          28,
          0
        ],
        "chegada": [
          -5.725517837618099e-10,
          12.581165302544832,
          36.5,
          52.250927748158574,
          66.93885757966291,
          77.70231662510287,
          90.2233218365973,
          103.41696865499672,
          111.61419255674538
        ]
      },
      "viagem_2": {
        "rota": [
          0,
          34,
          19,
          44,
          25,
          47,
          26,
          52,
          40,
          59,
          42,
          48,
          0
        ],
        "chegada": [
          111.61419255751406,
          124.31808413766977,
          132.41007864863332,
          145.39473218239345,
          155.00897314540543,
          165.0308887184574,
          171.95109401168065,
          182.15176797689764,
          192.76844777353108,
          203.44128601625562,
          210.2558524273336,
          220.84474897570908,
          229.19722390174866
        ]
      },
      "viagem_3": {
        "rota": [
          0,
          56,
          69,
          61,
          77,
          79,
          66,
          86,
          92,
          73,
          0
        ],
        "chegada": [
          229.19722390254933,
          241.5676934570074,
          253.13336161710322,
          264.56340230851856,
          276.42031388021496,
          288.5339623165746,
          298.763314755397,
          309.26911385077256,
          322.9243040317597,
          331.6451166113766,
          343.74035769234615
        ]
      },
      "viagem_4": {
        "rota": [
          0,
          87,
          88,
          96,
          89,
          105,
          106,
          107,
          108,
          0
        ],
        "chegada": [
          343.74035769306136,
          356.50827530677634,
          369.12562490392884,
          378.2447193916887,
          392.50008683651686,
          402.4549177456647,
          416.0,
          425.1163455527276,
          435.75370816141367,
          444.2338970378041
        ]
      }
    },
    "2": {
      "viagem_1": {
        "rota": [
          0,
          2,
          4,
          16,
          22,
          23,
          12,
          29,
          7,
          0
        ],
        "chegada": [
          8.003208528631578,
          20.584373831748962,
          32.0,
          56.333333333333336,
          80.33333333333333,
          93.90448039905762,
          101.62749883109366,
          108.8887292104367,
          116.36101566763257,
          123.93918349729513
        ]
      },
      "viagem_2": {
        "rota": [
          0,
          37,
          20,
          46,
          39,
          54,
          33,
          60,
          43,
          55,
          0
        ],
        "chegada": [
          123.93918349806378,
          136.6430750782195,
          147.98126353086565,
          158.63088188962803,
          178.69696769863367,
          188.0,
          194.41299576312304,
          206.62240453623235,
          216.89391918107867,
          230.53117338567972,
          240.71826799027622
        ]
      },
      "viagem_3": {
        "rota": [
          0,
          57,
          78,
          62,
          83,
          71,
          90,
          93,
          80,
          103,
          0
        ],
        "chegada": [
          240.71826799107689,
          253.08873754553497,
          279.0,
          288.662411313504,
          296.91315258294344,
          304.45969335734844,
          313.67975209467113,
          327.75217399559915,
          340.2961082737893,
          351.24686645530164,
          360.5696964971721
        ]
      },
      "viagem_4": {
        "rota": [
          0,
          95,
          97,
          98,
          99,
          0
        ],
        "chegada": [
          364.27358822311083,
          376.95103901810944,
          390.5553994178772,
          405.3204174172133,
          417.0,
          424.17857142857144
        ]
      }
    },
    "3": {
      "viagem_1": {
        "rota": [
          0,
          8,
          11,
          27,
          14,
          0
        ],
        "chegada": [
          22.716324150186324,
          36.5,
          89.0,
          101.0,
          119.0,
          128.9209060575813
        ]
      },
      "viagem_2": {
        "rota": [
          0,
          38,
          45,
          32,
          53,
          63,
          64,
          68,
          0
        ],
        "chegada": [
          128.92090605834997,
          141.6247976385057,
          154.94442219473422,
          167.27722462266684,
          188.0,
          216.0,
          228.5,
          240.0,
          245.84625645940832
        ]
      },
      "viagem_3": {
        "rota": [
          0,
          75,
          65,
          84,
          67,
          94,
          74,
          104,
          0
        ],
        "chegada": [
          254.8805057026559,
          269.0,
          284.56666666666666,
          298.0,
          306.81510108336806,
          332.0,
          342.9144688025117,
          356.0,
          365.0442735310644
        ]
      }
    },
    "4": {
      "viagem_1": {
        "rota": [
          0,
          13,
          18,
          35,
          24,
          51,
          0
        ],
        "chegada": [
          97.21273456845047,
          109.0,
          119.26666666666667,
          130.0,
          141.26666666666668,
          173.0,
          182.76407894305885
        ]
      },
      "viagem_2": {
        "rota": [
          0,
          49,
          58,
          76,
          82,
          85,
          91,
          0
        ],
        "chegada": [
          236.62953044554192,
          249.0,
          260.5,
          274.0,
          288.0,
          303.0,
          317.0,
          323.74863483197987
        ]
      },
      "viagem_3": {
        "rota": [
          0,
          100,
          102,
          81,
          0
        ],
        "chegada": [
          323.7486348316039,
          337.5323106814176,
          348.3118227906525,
          369.0,
          377.2700679600239
        ]
      }
    },
    "5": {
      "viagem_1": {
        "rota": [
          0,
          10,
          31,
          36,
          0
        ],
        "chegada": [
          77.21273456845047,
          89.0,
          117.3576264474541,
          130.0,
          136.66117701679468
        ]
      },
      "viagem_2": {
        "rota": [
          0,
          72,
          101,
          0
        ],
        "chegada": [
          308.21273456845046,
          320.0,
          346.0,
          353.7953439094126
        ]
      }
    },
    "6": {},
    "7": {
      "viagem_1": {
        "rota": [
          0,
          5,
          0
        ],
        "chegada": [
          19.418834696882616,
          32.0,
          111.55017577670515
        ]
      },
      "viagem_2": {
        "rota": [
          0,
          50,
          41,
          70,
          0
        ],
        "chegada": [
          160.202953392241,
          173.0,
          195.0,
          256.6666666666667,
          280.20295339263976
        ]
      }
    },
    "8": {},
    "9": {},
    "10": {
      "viagem_1": {
        "rota": [
          0,
          30,
          0
        ],
        "chegada": [
          97.26830535906998,
          111.0,
          123.16624116152525
        ]
      }
    },
    "11": {
      "viagem_1": {
        "rota": [
          0,
          3,
          0
        ],
        "chegada": [
          9.418834696882616,
          22.0,
          34.594106102362275
        ]
      }
    }
  }
}