{
  "fx": 33486.425469893686,
  "onibus": {
    "1": {
      "viagem_1": {
        "rota": [
          0,
          2,
          4,
          0
        ],
        "arcos": [],
        "chegada": [
          0.0,
          16.999986410667887,
          31.08270101783298,
          80.20437006652355
        ]
      },
      "viagem_2": {
        "rota": [
          0,
          6,
          8,
          11,
          0
        ],
        "arcos": [],
        "chegada": [
          0.0,
          92.0,
          132.5,
          185.0,
          200.20437006652355
        ]
      },
      "viagem_3": {
        "rota": [
          0,
          13,
          0
        ],
        "arcos": [],
        "chegada": [
          0.0,
          215.0,
          223.6260958109051
        ]
      }
    },
    "2": {
      "viagem_1": {
        "rota": [
          0,
          3,
          0
        ],
        "arcos": [],
        "chegada": [
          0.0,
          26.999978416943115,
          80.20437006652355
        ]
      },
      "viagem_2": {
        "rota": [
          0,
          7,
          9,
          10,
          0
        ],
        "arcos": [],
        "chegada": [
          0.0,
          92.0,
          132.5,
          174.999860132356,
          200.20437006652352
        ]
      }
    },
    "3": {
      "viagem_1": {
        "rota": [
          0,
          1,
          0
        ],
        "arcos": [],
        "chegada": [
          0.0,
          14.813932590186731,
          23.886151127517223
        ]
      },
      "viagem_2": {
        "rota": [
          0,
          5,
          0
        ],
        "arcos": [],
        "chegada": [
          0.0,
          37.0,
          45.96618206612766
        ]
      },
      "viagem_3": {
        "rota": [
          0,
          12,
          0
        ],
        "arcos": [],
        "chegada": [
          0.0,
          195.0,
          204.1302878670394
        ]
      },
      "viagem_4": {
        "rota": [
          0,
          14,
          0
        ],
        "arcos": [],
        "chegada": [
          0.0,
          217.00536855935027,
          224.1848138723942
        ]
      }
    }
  }
}