{
  "fx": 276131.48462202,
  "onibus": {
    "1": {
      "viagem_1": {
        "rota": [
          0,
          2,
          8,
          9,
          6,
          15,
          16,
          12,
          21,
          19,
          29,
          24,
          25,
          0
        ],
        "chegada": [
          9.418834696882616,
          22.0,
          48.0,
          60.5,
          72.04455123655515,
          96.0,
          110.68792983158089,
          133.0,
          152.33333333333334,
          167.26666666666668,
          202.0,
          210.6201483085763,
          223.49100595847744,
          234.0190521003217
        ]
      },
      "viagem_2": {
        "rota": [
          0,
          35,
          38,
          45,
          40,
          41,
          52,
          48,
          59,
          55,
          60,
          62,
          0
        ],
        "chegada": [
          237.29610841984427,
          250.0,
          265.0,
          294.25,
          305.0604782048613,
          325.0,
          346.0,
          368.0,
          384.0,
          397.7154903523631,
          409.0,
          457.75,
          465.0858741160482
        ]
      },
      "viagem_3": {
        "rota": [
          0,
          68,
          75,
          77,
          72,
          82,
          74,
          85,
          80,
          92,
          87,
          88,
          100,
          89,
          103,
          96,
          0
        ],
        "chegada": [
          474.2138390359892,
          488.3333333333333,
          528.0,
          541.5233026798815,
          560.0,
          576.0,
          584.2926622666419,
          596.0,
          608.0,
          634.0,
          641.9929295964539,
          664.3333333333334,
          672.0,
          680.4349878579378,
          687.7533826269209,
          697.7759021148089,
          709.6170139145106
        ]
      },
      "viagem_4": {
        "rota": [
          0,
          99,
          105,
          106,
          107,
          108,
          0
        ],
        "chegada": [
          709.6170139142386,
          722.2944647092372,
          733.5066517908126,
          747.0517340451479,
          756.1680795978755,
          766.8054422065616,
          775.285631082952
        ]
      }
    },
    "2": {
      "viagem_1": {
        "rota": [
          0,
          10,
          7,
          13,
          22,
          20,
          31,
          26,
          0
        ],
        "chegada": [
          92.55137669253709,
          104.33864212408662,
          117.0,
          143.0,
          160.66666666666666,
          183.93333333333334,
          212.0,
          229.93333333333334,
          239.73767928147447
        ]
      },
      "viagem_2": {
        "rota": [
          0,
          36,
          32,
          33,
          39,
          46,
          42,
          43,
          49,
          61,
          0
        ],
        "chegada": [
          242.29610841984427,
          255.0,
          263.57322831079364,
          278.72203583084047,
          295.0,
          304.6935507208109,
          325.0,
          345.0,
          368.0,
          432.75,
          450.3137109093368
        ]
      },
      "viagem_3": {
        "rota": [
          0,
          65,
          70,
          71,
          79,
          83,
          81,
          91,
          93,
          101,
          95,
          104,
          0
        ],
        "chegada": [
          484.40536366343656,
          497.17328127715155,
          505.0,
          535.0,
          548.0,
          586.0,
          608.0,
          629.0,
          644.0,
          677.0,
          684.9300212133676,
          695.7630484718829,
          704.8073220029473
        ]
      },
      "viagem_4": {
        "rota": [
          0,
          98,
          0
        ],
        "chegada": [
          706.0442735307923,
          718.721724325791,
          726.6459663659334
        ]
      }
    },
    "3": {
      "viagem_1": {
        "rota": [
          0,
          3,
          17,
          30,
          34,
          0
        ],
        "chegada": [
          14.418834696882616,
          27.0,
          121.0,
          212.0,
          240.0,
          247.08486286737025
        ]
      },
      "viagem_2": {
        "rota": [
          0,
          37,
          44,
          47,
          51,
          0
        ],
        "chegada": [
          247.2961084198443,
          260.0,
          288.0,
          306.75,
          341.0,
          487.2961084190756
        ]
      },
      "viagem_3": {
        "rota": [
          0,
          84,
          86,
          94,
          102,
          97,
          0
        ],
        "chegada": [
          575.7936179764912,
          589.5253126174212,
          601.0,
          644.0,
          682.0,
          699.0,
          709.7314017824829
        ]
      }
    },
    "4": {
      "viagem_1": {
        "rota": [
          0,
          50,
          57,
          64,
          66,
          76,
          0
        ],
        "chegada": [
          328.202953392241,
          341.0,
          416.0,
          444.5,
          500.56666666666666,
          533.0,
          540.5802941136062
        ]
      },
      "viagem_2": {
        "rota": [
          0,
          73,
          90,
          0
        ],
        "chegada": [
          560.7127345684505,
          572.5,
          624.0,
          633.0223396867514
        ]
      }
    },
    "5": {},
    "6": {},
    "7": {
      "viagem_1": {
        "rota": [
          0,
          14,
          27,
          0
        ],
        "chegada": [
          141.2127345684505,
          153.0,
          192.0,
          198.32654085941613
        ]
      },
      "viagem_2": {
        "rota": [
          0,
          53,
          58,
          69,
          0
        ],
        "chegada": [
          343.202953392241,
          356.0,
          428.5,
          488.3333333333333,
          583.2029533926398
        ]
      }
    },
    "8": {
      "viagem_1": {
        "rota": [
          0,
          11,
          18,
          23,
          28,
          0
        ],
        "chegada": [
          111.21273456845047,
          123.0,
          150.6,
          169.0,
          197.0,
          205.19722390174934
        ]
      }
    },
    "9": {
      "viagem_1": {
        "rota": [
          0,
          5,
          0
        ],
        "chegada": [
          24.418834696882612,
          37.0,
          264.41883469745517
        ]
      }
    },
    "10": {},
    "11": {
      "viagem_1": {
        "rota": [
          0,
          1,
          0
        ],
        "chegada": [
          -5.725517837618099e-10,
          12.581165302544832,
          18.692831566557288
        ]
      },
      "viagem_2": {
        "rota": [
          0,
          4,
          0
        ],
        "chegada": [
          18.69283156598485,
          31.273996869102234,
          37.37497034296405
        ]
      },
      "viagem_3": {
        "rota": [
          0,
          54,
          56,
          63,
          67,
          78,
          0
        ],
        "chegada": [
          348.202953392241,
          361.0,
          403.5,
          444.5,
          517.2333333333333,
          543.0,
          588.2029533926398
        ]
      }
    }
  }
}